m_name,m_surname,m_email,m_birth_year,m_birth_month,m_birth_day,m_group,m_rating,m_phone_number
Любов,Дорошенко,lyubov.doroshenko@student.org,1977,7,6,ICV-97,45.21,38(098)76-49-563
Любов,Дорошенко,lyubov.doroshenko1@student.org,1981,8,13,YZE-36,69.95,38(067)85-41-430
Любов,Дорошенко,lyubov.doroshenko2@student.org,1965,6,26,KYL-52,31.9,38(098)84-23-167
Любов,Дорошенко,lyubov.doroshenko3@student.org,2000,2,5,XEE-41,68.78,38(068)18-70-158
Любов,Дорошенко,lyubov.doroshenko4@student.org,1967,4,16,CSG-45,23.85,38(050)93-75-643
Любов,Дорошенко,lyubov.doroshenko5@student.org,1974,8,9,SHC-32,25.76,38(067)96-22-609
Любов,Дорошенко,lyubov.doroshenko6@student.org,2009,7,5,HDO-12,94.41,38(095)92-96-697
Любов,Дорошенко,lyubov.doroshenko7@student.org,1975,9,26,NTI-68,42.5,38(096)69-14-175
Любов,Дорошенко,lyubov.doroshenko8@student.org,1954,4,26,JGK-71,40.41,38(073)92-58-153
Любов,Дорошенко,lyubov.doroshenko9@student.org,2006,5,15,ZZL-26,10.31,38(066)94-30-259
Любов,Дорошенко,lyubov.doroshenko10@student.org,1977,1,2,XTS-31,49.12,38(099)98-64-817
Любов,Дорошенко,lyubov.doroshenko11@student.org,2001,6,29,HED-71,53.42,38(097)98-68-965
Любов,Дорошенко,lyubov.doroshenko12@student.org,1984,11,1,NIW-62,16.79,38(096)46-86-483
Любов,Дорошенко,lyubov.doroshenko13@student.org,1992,4,12,PQP-17,52.08,38(068)97-92-928
Любов,Дорошенко,lyubov.doroshenko14@student.org,2002,8,23,GVM-62,42.7,38(098)63-87-544
Любов,Дорошенко,lyubov.doroshenko15@student.org,1961,12,10,VJG-94,85.32,38(067)55-19-849
Любов,Дорошенко,lyubov.doroshenko16@student.org,2001,11,13,IEP-22,52.06,38(068)36-97-874
Любов,Дорошенко,lyubov.doroshenko17@student.org,1981,1,13,IZP-59,70.34,38(068)63-72-148
Любов,Дорошенко,lyubov.doroshenko18@student.org,1993,2,19,FXK-50,53.09,38(063)25-56-417
Любов,Дорошенко,lyubov.doroshenko19@student.org,1977,11,16,UCL-59,47.9,38(068)36-39-621
Любов,Дорошенко,lyubov.doroshenko20@student.org,1998,7,4,HTE-45,64.53,38(066)36-71-314
Любов,Дорошенко,lyubov.doroshenko21@student.org,1984,1,17,PDK-20,0.58,38(098)23-63-773
Любов,Дорошенко,lyubov.doroshenko22@student.org,1965,5,27,UUU-50,38.78,38(073)89-60-414
Любов,Дорошенко,lyubov.doroshenko23@student.org,1980,8,15,RAD-85,30.74,38(099)56-59-308
Любов,Дорошенко,lyubov.doroshenko24@student.org,1988,9,19,TJA-39,81.78,38(095)11-81-721
Любов,Дорошенко,lyubov.doroshenko25@student.org,1985,1,7,WMO-78,0.36,38(093)44-98-955
Любов,Дорошенко,lyubov.doroshenko26@student.org,1996,8,16,NRA-83,44.8,38(098)50-81-462
Любов,Дорошенко,lyubov.doroshenko27@student.org,2004,12,25,UAU-76,55.7,38(098)10-68-726
Любов,Дорошенко,lyubov.doroshenko28@student.org,1975,8,5,CJF-92,89.17,38(093)64-21-132
Любов,Дорошенко,lyubov.doroshenko29@student.org,1973,11,24,PZC-90,46.1,38(098)13-64-577
Любов,Дорошенко,lyubov.doroshenko30@student.org,1998,10,5,XEJ-78,63.65,38(099)20-64-269
Любов,Дорошенко,lyubov.doroshenko31@student.org,1988,11,16,QFR-32,98.45,38(066)48-75-354
Любов,Дорошенко,lyubov.doroshenko32@student.org,1972,4,12,RAA-82,44.44,38(063)95-97-613
Любов,Дорошенко,lyubov.doroshenko33@student.org,1986,4,5,VXV-83,36.61,38(093)22-50-712
Любов,Дорошенко,lyubov.doroshenko34@student.org,2003,5,28,XZD-64,59.94,38(098)14-87-334
Любов,Дорошенко,lyubov.doroshenko35@student.org,1959,7,1,FUS-53,66.72,38(098)48-31-903
Любов,Дорошенко,lyubov.doroshenko36@student.org,1987,1,16,MOH-71,76.57,38(098)43-62-303
Любов,Дорошенко,lyubov.doroshenko37@student.org,1956,4,29,OCH-78,44.89,38(066)95-48-146
Любов,Дорошенко,lyubov.doroshenko38@student.org,1966,6,2,LFU-78,13.43,38(063)16-83-923
Любов,Дорошенко,lyubov.doroshenko39@student.org,1950,11,4,RBG-85,83.91,38(096)95-53-208
Любов,Дорошенко,lyubov.doroshenko40@student.org,2005,7,3,XHO-90,61.5,38(096)83-58-772
Любов,Дорошенко,lyubov.doroshenko41@student.org,2006,10,13,XIS-37,41.55,38(068)67-86-554
Любов,Дорошенко,lyubov.doroshenko42@student.org,1975,7,20,WMA-83,12.36,38(098)21-73-430
Любов,Дорошенко,lyubov.doroshenko43@student.org,1967,6,12,UMH-90,73.94,38(050)52-19-103
Любов,Дорошенко,lyubov.doroshenko44@student.org,1978,10,18,UGU-55,67.99,38(050)45-82-566
Любов,Дорошенко,lyubov.doroshenko45@student.org,1994,10,29,QTL-91,95.09,38(063)26-83-163
Любов,Дорошенко,lyubov.doroshenko46@student.org,1996,6,27,IVN-17,54.88,38(050)82-80-980
Любов,Дорошенко,lyubov.doroshenko47@student.org,1953,3,20,CNW-26,29.08,38(093)40-17-529
Любов,Дорошенко,lyubov.doroshenko48@student.org,1994,1,22,OAV-20,45.83,38(067)11-39-776
Любов,Дорошенко,lyubov.doroshenko49@student.org,1986,8,26,FXL-53,31.48,38(050)85-48-160
Любов,Дорошенко,lyubov.doroshenko50@student.org,2006,4,23,GMZ-76,36.13,38(050)14-34-606
Любов,Дорошенко,lyubov.doroshenko51@student.org,1956,2,29,BPN-10,20.35,38(093)31-39-873
Любов,Дорошенко,lyubov.doroshenko52@student.org,1992,5,20,MSA-83,80.77,38(050)10-55-330
Любов,Дорошенко,lyubov.doroshenko53@student.org,1990,7,2,KQN-92,5.48,38(063)94-34-691
Любов,Дорошенко,lyubov.doroshenko54@student.org,1977,3,26,SGP-10,13.87,38(067)82-62-757
Любов,Дорошенко,lyubov.doroshenko55@student.org,1971,12,19,DVE-54,69.92,38(093)15-84-409
Любов,Дорошенко,lyubov.doroshenko56@student.org,1995,10,2,RVO-12,40.95,38(068)45-72-656
